label,n_jumpdests,run_idx,phase,phase_us
counter_evm,6,1,total,40.880
counter_evm,6,2,total,36.824
counter_evm,6,3,total,31.646
counter_evm,6,4,total,32.050
counter_evm,6,5,total,32.451
ecdsa_evm,85,1,total,161.366
ecdsa_evm,85,2,total,160.971
ecdsa_evm,85,3,total,160.619
ecdsa_evm,85,4,total,161.236
ecdsa_evm,85,5,total,161.989
erc1155_evm,999,1,total,686.314
erc1155_evm,999,2,total,669.376
erc1155_evm,999,3,total,642.591
erc1155_evm,999,4,total,661.898
erc1155_evm,999,5,total,744.849
erc20_evm,95,1,total,189.510
erc20_evm,95,2,total,218.349
erc20_evm,95,3,total,214.687
erc20_evm,95,4,total,198.942
erc20_evm,95,5,total,236.751
erc721_evm,1036,1,total,724.240
erc721_evm,1036,2,total,738.140
erc721_evm,1036,3,total,729.156
erc721_evm,1036,4,total,610.112
erc721_evm,1036,5,total,629.462
fib_evm,17,1,total,48.244
fib_evm,17,2,total,66.402
fib_evm,17,3,total,53.862
fib_evm,17,4,total,54.727
fib_evm,17,5,total,48.432
generative_nft_evm,13,1,total,50.311
generative_nft_evm,13,2,total,49.296
generative_nft_evm,13,3,total,49.243
generative_nft_evm,13,4,total,49.317
generative_nft_evm,13,5,total,53.304
merkle_evm,34,1,total,78.115
merkle_evm,34,2,total,92.324
merkle_evm,34,3,total,78.571
merkle_evm,34,4,total,79.444
merkle_evm,34,5,total,77.349
poseidon_evm,55,1,total,302.114
poseidon_evm,55,2,total,222.382
poseidon_evm,55,3,total,245.771
poseidon_evm,55,4,total,234.656
poseidon_evm,55,5,total,240.108
uniswapv2_erc20_evm,291,1,total,319.135
uniswapv2_erc20_evm,291,2,total,316.511
uniswapv2_erc20_evm,291,3,total,304.234
uniswapv2_erc20_evm,291,4,total,358.204
uniswapv2_erc20_evm,291,5,total,301.996
uniswapv2_factory_evm,352,1,total,588.512
uniswapv2_factory_evm,352,2,total,551.985
uniswapv2_factory_evm,352,3,total,501.558
uniswapv2_factory_evm,352,4,total,509.807
uniswapv2_factory_evm,352,5,total,566.911
uniswapv2_router_evm,561,1,total,804.770
uniswapv2_router_evm,561,2,total,824.643
uniswapv2_router_evm,561,3,total,782.881
uniswapv2_router_evm,561,4,total,742.769
uniswapv2_router_evm,561,5,total,740.311
