case,runtime,profile,repeat_min_ms,repeat_mean_ms,repeat_median_ms,exit
2mm,dtvm,multipass,4210.546,4287.649,4316.596,0
3mm,dtvm,multipass,6464.530,6530.648,6518.627,0
adi,dtvm,multipass,10433.880,10476.068,10453.212,0
atax,dtvm,multipass,73.657,91.978,100.045,0
bicg,dtvm,multipass,79.360,80.649,80.473,0
cholesky,dtvm,multipass,19552.971,20990.228,21060.204,0
correlation,dtvm,multipass,5220.335,5488.112,5566.443,0
covariance,dtvm,multipass,5516.775,5775.851,5567.659,0
deriche,dtvm,multipass,4457.766,4508.479,4477.302,0
doitgen,dtvm,multipass,2659.970,2694.501,2667.978,0
durbin,dtvm,multipass,29.351,30.294,30.675,0
fdtd-2d,dtvm,multipass,4224.668,4258.690,4256.942,0
floyd-warshall,dtvm,multipass,27842.228,27899.204,27871.948,0
gemm,dtvm,multipass,2123.158,2128.652,2126.686,0
gemver,dtvm,multipass,84.900,93.955,90.730,0
gesummv,dtvm,multipass,57.808,58.795,58.439,0
gramschmidt,dtvm,multipass,6187.083,6328.861,6292.613,0
heat-3d,dtvm,multipass,5183.716,5199.435,5195.261,0
jacobi_1d,dtvm,multipass,23.948,25.780,25.698,0
jacobi-2d,dtvm,multipass,3675.804,3725.295,3738.725,0
ludcmp,dtvm,multipass,21588.973,22826.201,22996.614,0
lu,dtvm,multipass,24880.000,25034.075,24925.970,0
mvt,dtvm,multipass,77.857,83.700,82.479,0
nussinov,dtvm,multipass,5636.705,5675.615,5660.515,0
seidel-2d,dtvm,multipass,18153.150,18230.048,18193.820,0
symm,dtvm,multipass,2542.631,2595.140,2612.498,0
syr2k,dtvm,multipass,3318.906,3560.512,3469.244,0
syrk,dtvm,multipass,1895.402,1896.935,1896.990,0
trisolv,dtvm,multipass,51.235,53.756,54.237,0
trmm,dtvm,multipass,2186.018,2253.363,2191.770,0
