r1,spp,label,slice,code_bytes,n_jumpdest,n_jump,n_jumpi,n_jump_total,n_resolved,n_unresolved,unresolved_frac,n_jd_blocked,jd_blocked_frac,implicit_dyn_pred,n_gas_chunks,n_meter_nonzero_before,n_meter_nonzero_after,spp_zeroed_chunks,n_chunks_shifted,build_us,r1_flag,spp_flag,n_multi
off,off,counter_evm,runtime,163,6,0,12,12,12,0,0.000000,0,0.000000,0,22,19,0,19,19,16.811,0,0,0
off,off,ecdsa_evm,runtime,2407,85,64,26,90,76,14,0.155556,85,1.000000,14,133,128,0,128,128,84.874,0,0,0
off,off,erc1155_evm,runtime,10105,999,908,135,1043,237,806,0.772771,999,1.000000,806,1129,1127,0,1127,1127,354.903,0,0,0
off,off,erc20_evm,runtime,2696,95,43,82,125,46,79,0.632000,95,1.000000,79,183,181,0,181,181,101.441,0,0,0
off,off,erc721_evm,runtime,9670,1036,947,119,1066,170,896,0.840525,1036,1.000000,896,1138,1136,0,1136,1136,311.194,0,0,0
off,off,fib_evm,runtime,292,17,13,15,28,22,6,0.214286,17,1.000000,6,34,33,0,33,33,18.015,0,0,0
off,off,generative_nft_evm,runtime,386,13,5,11,16,15,1,0.062500,13,1.000000,1,27,26,0,26,26,25.779,0,0,0
off,off,merkle_evm,runtime,823,34,23,16,39,35,4,0.102564,34,1.000000,4,52,51,0,51,51,36.039,0,0,0
off,off,poseidon_evm,runtime,9142,55,38,22,60,52,8,0.133333,55,1.000000,8,79,78,0,78,78,213.681,0,0,0
off,off,uniswapv2_erc20_evm,runtime,6022,291,229,58,287,75,212,0.738676,291,1.000000,212,366,364,0,364,364,165.473,0,0,0
off,off,uniswapv2_factory_evm,runtime,10128,352,259,154,413,22,391,0.946731,352,1.000000,391,580,576,0,576,576,274.962,0,0,0
off,off,uniswapv2_router_evm,runtime,16599,561,422,273,695,36,659,0.948201,561,1.000000,659,908,906,0,906,906,420.098,0,0,0
off,on,counter_evm,runtime,163,6,0,12,12,12,0,0.000000,0,0.000000,0,22,19,19,0,0,30.540,0,1,0
off,on,ecdsa_evm,runtime,2407,85,64,26,90,76,14,0.155556,85,1.000000,14,133,128,128,0,0,150.260,0,1,0
off,on,erc1155_evm,runtime,10105,999,908,135,1043,237,806,0.772771,999,1.000000,806,1129,1127,1127,0,0,550.338,0,1,0
off,on,erc20_evm,runtime,2696,95,43,82,125,46,79,0.632000,95,1.000000,79,183,181,181,0,0,167.400,0,1,0
off,on,erc721_evm,runtime,9670,1036,947,119,1066,170,896,0.840525,1036,1.000000,896,1138,1136,1136,0,0,510.203,0,1,0
off,on,fib_evm,runtime,292,17,13,15,28,22,6,0.214286,17,1.000000,6,34,33,33,0,0,47.527,0,1,0
off,on,generative_nft_evm,runtime,386,13,5,11,16,15,1,0.062500,13,1.000000,1,27,26,26,0,0,45.168,0,1,0
off,on,merkle_evm,runtime,823,34,23,16,39,35,4,0.102564,34,1.000000,4,52,51,51,0,0,72.409,0,1,0
off,on,poseidon_evm,runtime,9142,55,38,22,60,52,8,0.133333,55,1.000000,8,79,78,78,0,0,203.775,0,1,0
off,on,uniswapv2_erc20_evm,runtime,6022,291,229,58,287,75,212,0.738676,291,1.000000,212,366,364,364,0,0,272.296,0,1,0
off,on,uniswapv2_factory_evm,runtime,10128,352,259,154,413,22,391,0.946731,352,1.000000,391,580,576,576,0,0,419.138,0,1,0
off,on,uniswapv2_router_evm,runtime,16599,561,422,273,695,36,659,0.948201,561,1.000000,659,908,906,906,0,0,696.819,0,1,0
on,off,counter_evm,runtime,163,6,0,12,12,12,0,0.000000,0,0.000000,0,22,19,0,19,19,24.689,1,0,0
on,off,ecdsa_evm,runtime,2407,85,64,26,90,76,14,0.155556,85,1.000000,14,133,128,0,128,128,248.961,1,0,0
on,off,erc1155_evm,runtime,10105,999,908,135,1043,237,806,0.772771,999,1.000000,806,1129,1127,0,1127,1127,384.638,1,0,0
on,off,erc20_evm,runtime,2696,95,43,82,125,46,79,0.632000,95,1.000000,79,183,181,0,181,181,883.702,1,0,0
on,off,erc721_evm,runtime,9670,1036,947,119,1066,170,896,0.840525,1036,1.000000,896,1138,1136,0,1136,1136,368.104,1,0,0
on,off,fib_evm,runtime,292,17,13,15,28,22,6,0.214286,17,1.000000,6,34,33,0,33,33,51.246,1,0,0
on,off,generative_nft_evm,runtime,386,13,5,11,16,15,1,0.062500,13,1.000000,1,27,26,0,26,26,129.000,1,0,0
on,off,merkle_evm,runtime,823,34,23,16,39,35,4,0.102564,34,1.000000,4,52,51,0,51,51,95.654,1,0,0
on,off,poseidon_evm,runtime,9142,55,38,22,60,52,8,0.133333,55,1.000000,8,79,78,0,78,78,228.613,1,0,0
on,off,uniswapv2_erc20_evm,runtime,6022,291,229,58,287,75,212,0.738676,291,1.000000,212,366,364,0,364,364,211.761,1,0,0
on,off,uniswapv2_factory_evm,runtime,10128,352,259,154,413,23,390,0.944310,352,1.000000,390,580,576,0,576,576,323.215,1,0,0
on,off,uniswapv2_router_evm,runtime,16599,561,422,273,695,38,657,0.945324,561,1.000000,657,908,906,0,906,906,475.047,1,0,1
on,on,counter_evm,runtime,163,6,0,12,12,12,0,0.000000,0,0.000000,0,22,19,19,0,0,35.884,1,1,0
on,on,ecdsa_evm,runtime,2407,85,64,26,90,76,14,0.155556,85,1.000000,14,133,128,128,0,0,280.450,1,1,0
on,on,erc1155_evm,runtime,10105,999,908,135,1043,237,806,0.772771,999,1.000000,806,1129,1127,1127,0,0,587.560,1,1,0
on,on,erc20_evm,runtime,2696,95,43,82,125,46,79,0.632000,95,1.000000,79,183,181,181,0,0,1045.382,1,1,0
on,on,erc721_evm,runtime,9670,1036,947,119,1066,170,896,0.840525,1036,1.000000,896,1138,1136,1136,0,0,586.740,1,1,0
on,on,fib_evm,runtime,292,17,13,15,28,22,6,0.214286,17,1.000000,6,34,33,33,0,0,73.345,1,1,0
on,on,generative_nft_evm,runtime,386,13,5,11,16,15,1,0.062500,13,1.000000,1,27,26,26,0,0,144.916,1,1,0
on,on,merkle_evm,runtime,823,34,23,16,39,35,4,0.102564,34,1.000000,4,52,51,51,0,0,116.928,1,1,0
on,on,poseidon_evm,runtime,9142,55,38,22,60,52,8,0.133333,55,1.000000,8,79,78,78,0,0,290.228,1,1,0
on,on,uniswapv2_erc20_evm,runtime,6022,291,229,58,287,75,212,0.738676,291,1.000000,212,366,364,364,0,0,346.539,1,1,0
on,on,uniswapv2_factory_evm,runtime,10128,352,259,154,413,23,390,0.944310,352,1.000000,390,580,576,576,0,0,449.429,1,1,0
on,on,uniswapv2_router_evm,runtime,16599,561,422,273,695,38,657,0.945324,561,1.000000,657,908,906,906,0,0,675.081,1,1,1
