r1,label,rep,build_us,n_unresolved,n_multi,n_chunks_shifted
off,counter_evm,1,0,0,34.774,0
off,counter_evm,2,0,0,31.320,0
off,counter_evm,3,0,0,31.461,0
off,counter_evm,4,0,0,26.434,0
off,counter_evm,5,0,0,31.203,0
off,fib_evm,1,0,6,59.569,0
off,fib_evm,2,0,6,54.013,0
off,fib_evm,3,0,6,46.493,0
off,fib_evm,4,0,6,52.127,0
off,fib_evm,5,0,6,50.111,0
off,generative_nft_evm,1,0,1,41.015,0
off,generative_nft_evm,2,0,1,40.766,0
off,generative_nft_evm,3,0,1,40.447,0
off,generative_nft_evm,4,0,1,62.041,0
off,generative_nft_evm,5,0,1,48.607,0
off,erc20_evm,1,0,79,164.851,0
off,erc20_evm,2,0,79,172.257,0
off,erc20_evm,3,0,79,154.477,0
off,erc20_evm,4,0,79,183.838,0
off,erc20_evm,5,0,79,155.579,0
off,uniswapv2_factory_evm,1,0,391,494.603,0
off,uniswapv2_factory_evm,2,0,391,486.704,0
off,uniswapv2_factory_evm,3,0,391,573.280,0
off,uniswapv2_factory_evm,4,0,391,470.882,0
off,uniswapv2_factory_evm,5,0,391,471.373,0
off,uniswapv2_router_evm,1,0,659,773.066,0
off,uniswapv2_router_evm,2,0,659,712.508,0
off,uniswapv2_router_evm,3,0,659,762.579,0
off,uniswapv2_router_evm,4,0,659,751.694,0
off,uniswapv2_router_evm,5,0,659,679.582,0
off,erc721_evm,1,0,896,487.355,0
off,erc721_evm,2,0,896,490.129,0
off,erc721_evm,3,0,896,740.119,0
off,erc721_evm,4,0,896,541.856,0
off,erc721_evm,5,0,896,545.287,0
on,counter_evm,1,1,0,44.172,0
on,counter_evm,2,1,0,39.344,0
on,counter_evm,3,1,0,35.267,0
on,counter_evm,4,1,0,36.134,0
on,counter_evm,5,1,0,44.580,0
on,fib_evm,1,1,6,73.871,0
on,fib_evm,2,1,6,87.827,0
on,fib_evm,3,1,6,75.363,0
on,fib_evm,4,1,6,86.943,0
on,fib_evm,5,1,6,79.720,0
on,generative_nft_evm,1,1,1,184.863,0
on,generative_nft_evm,2,1,1,216.238,0
on,generative_nft_evm,3,1,1,164.466,0
on,generative_nft_evm,4,1,1,145.147,0
on,generative_nft_evm,5,1,1,183.983,0
on,erc20_evm,1,1,79,907.943,0
on,erc20_evm,2,1,79,954.182,0
on,erc20_evm,3,1,79,1336.986,0
on,erc20_evm,4,1,79,1275.069,0
on,erc20_evm,5,1,79,949.499,0
on,uniswapv2_factory_evm,1,1,390,556.443,0
on,uniswapv2_factory_evm,2,1,390,554.360,0
on,uniswapv2_factory_evm,3,1,390,521.351,0
on,uniswapv2_factory_evm,4,1,390,467.848,0
on,uniswapv2_factory_evm,5,1,390,465.931,0
on,uniswapv2_router_evm,1,1,657,738.649,1
on,uniswapv2_router_evm,2,1,657,705.892,1
on,uniswapv2_router_evm,3,1,657,829.019,1
on,uniswapv2_router_evm,4,1,657,715.218,1
on,uniswapv2_router_evm,5,1,657,808.690,1
on,erc721_evm,1,1,896,818.112,0
on,erc721_evm,2,1,896,548.581,0
on,erc721_evm,3,1,896,546.611,0
on,erc721_evm,4,1,896,575.823,0
on,erc721_evm,5,1,896,622.899,0
