label,slice,code_bytes,n_jumpdest,n_jump,n_jumpi,n_jump_total,n_resolved,n_unresolved,unresolved_frac,n_jd_blocked,jd_blocked_frac,implicit_dyn_pred,n_gas_chunks,n_meter_nonzero_before,n_meter_nonzero_after,spp_zeroed_chunks,build_us
counter_evm,full,240,7,0,13,13,2,11,0.846154,7,1.000000,11,27,23,23,0,26.327
ecdsa_evm,full,2488,88,64,27,91,8,83,0.912088,88,1.000000,83,142,136,136,0,132.529
erc1155_evm,full,10158,999,908,135,1043,237,806,0.772771,999,1.000000,806,1133,1131,1131,0,745.792
erc20_evm,full,2781,95,43,82,125,46,79,0.632000,95,1.000000,79,190,183,183,0,183.582
erc721_evm,full,9723,1036,947,119,1066,170,896,0.840525,1036,1.000000,896,1139,1137,1137,0,690.196
fib_evm,full,371,18,13,16,29,1,28,0.965517,18,1.000000,28,42,40,40,0,42.886
generative_nft_evm,full,465,14,6,12,18,1,17,0.944444,14,1.000000,17,33,31,31,0,41.899
merkle_evm,full,904,35,23,17,40,3,37,0.925000,35,1.000000,37,58,56,56,0,64.592
poseidon_evm,full,9223,56,38,23,61,2,59,0.967213,56,1.000000,59,83,81,81,0,227.568
uniswapv2_erc20_evm,full,6107,291,229,58,287,75,212,0.738676,291,1.000000,212,386,368,368,0,326.845
uniswapv2_factory_evm,full,10266,352,259,154,413,22,391,0.946731,352,1.000000,391,583,579,579,0,496.575
uniswapv2_router_evm,full,16716,561,422,273,695,36,659,0.948201,561,1.000000,659,950,910,910,0,736.090
