label,slice,code_bytes,n_jumpdest,n_jump,n_jumpi,n_jump_total,n_resolved,n_unresolved,unresolved_frac,n_jd_blocked,jd_blocked_frac,implicit_dyn_pred,n_gas_chunks,n_meter_nonzero_before,n_meter_nonzero_after,spp_zeroed_chunks,n_chunks_shifted,build_us
counter_evm,runtime,163,6,0,12,12,12,0,0.000000,0,0.000000,0,22,19,19,0,0,39.316
ecdsa_evm,runtime,2407,85,64,26,90,76,14,0.155556,85,1.000000,14,133,128,128,0,0,183.618
erc1155_evm,runtime,10105,999,908,135,1043,237,806,0.772771,999,1.000000,806,1129,1127,1127,0,0,678.510
erc20_evm,runtime,2696,95,43,82,125,46,79,0.632000,95,1.000000,79,183,181,181,0,0,177.899
erc721_evm,runtime,9670,1036,947,119,1066,170,896,0.840525,1036,1.000000,896,1138,1136,1136,0,0,740.636
fib_evm,runtime,292,17,13,15,28,22,6,0.214286,17,1.000000,6,34,33,33,0,0,58.480
generative_nft_evm,runtime,386,13,5,11,16,15,1,0.062500,13,1.000000,1,27,26,26,0,0,55.279
merkle_evm,runtime,823,34,23,16,39,35,4,0.102564,34,1.000000,4,52,51,51,0,0,68.888
poseidon_evm,runtime,9142,55,38,22,60,52,8,0.133333,55,1.000000,8,79,78,78,0,0,302.102
uniswapv2_erc20_evm,runtime,6022,291,229,58,287,75,212,0.738676,291,1.000000,212,366,364,364,0,0,360.878
uniswapv2_factory_evm,runtime,10128,352,259,154,413,22,391,0.946731,352,1.000000,391,580,576,576,0,0,593.294
uniswapv2_router_evm,runtime,16599,561,422,273,695,36,659,0.948201,561,1.000000,659,908,906,906,0,0,802.414
